run,seed,return_pct,win_rate,max_dd_pct,pf,expectancy,trades,final_equity
0,44,595.20,41.18,28.85,1.76,11.77,51,695.20
1,48,380.93,33.33,18.75,2.02,12.80,30,480.93
2,42,516.35,36.36,19.84,1.75,11.84,44,616.35
3,47,-350.86,36.73,235.95,0.71,-7.06,49,-250.86
4,43,1076.49,45.90,24.06,1.99,17.80,61,1176.49
5,45,1289.58,42.86,18.68,2.37,23.15,56,1389.58
6,49,10.67,36.21,73.21,1.01,0.29,58,110.67
7,46,1246.24,45.61,11.56,2.66,21.99,57,1346.24
8,52,102.41,38.78,68.67,1.10,2.19,49,202.41
9,51,203.75,38.89,100.60,1.20,3.88,54,303.75
10,53,566.08,41.18,29.55,1.78,11.20,51,666.08
11,50,224.17,37.50,61.40,1.25,4.77,48,324.17
12,55,176.18,37.78,86.79,1.18,4.02,45,276.18
13,56,1467.79,42.86,14.29,3.02,30.09,49,1567.79
14,54,-84.55,36.96,127.77,0.93,-1.74,46,15.45
15,57,-72.54,31.67,92.71,0.94,-1.11,60,27.46
16,59,25.87,40.48,166.80,1.03,0.72,42,125.87
17,58,655.29,37.93,34.85,1.69,11.40,58,755.29
18,60,241.42,39.34,49.41,1.21,4.06,61,341.42
19,61,-73.25,30.43,93.14,0.93,-1.49,46,26.75
20,62,164.70,38.46,101.54,1.15,3.27,52,264.70
21,63,1546.99,51.92,5.64,3.80,29.87,52,1646.99
22,65,347.11,40.82,87.66,1.34,7.19,49,447.11
23,64,-271.86,33.33,157.22,0.80,-4.67,57,-171.86
24,66,-49.18,29.31,114.56,0.96,-0.75,58,50.82
25,67,80.51,35.85,69.82,1.09,1.62,53,180.51
26,68,359.67,37.04,41.16,1.35,6.76,54,459.67
27,74,-504.11,38.30,192.29,0.64,-10.62,47,-404.11
28,69,93.64,40.00,77.62,1.09,1.81,55,193.64
29,70,618.74,40.30,39.29,1.51,9.34,67,718.74
30,72,318.44,43.18,50.28,1.50,7.34,44,418.44
31,73,341.47,40.00,63.77,1.29,6.32,55,441.47
32,71,943.79,43.75,27.13,1.96,14.87,64,1043.79
33,76,-221.79,35.19,214.87,0.87,-4.01,54,-121.79
34,77,-56.43,38.64,98.05,0.94,-1.18,44,43.57
35,75,22.55,33.33,108.12,1.02,0.54,51,122.55
36,78,185.47,40.58,119.38,1.11,2.79,69,285.47
37,79,1355.20,44.93,22.15,2.13,19.77,69,1455.20
38,81,719.09,42.03,36.32,1.63,10.53,69,819.09
39,80,703.31,35.85,19.06,1.84,13.38,53,803.31
40,82,715.93,43.48,26.71,1.80,15.67,46,815.93
41,83,755.22,44.26,15.19,1.89,12.49,61,855.22
42,84,235.48,41.51,45.44,1.26,4.55,53,335.48
43,85,1006.79,46.30,14.71,2.14,18.76,54,1106.79
44,87,810.70,42.31,14.57,2.24,15.70,52,910.70
45,88,227.94,33.33,35.55,1.29,5.53,42,327.94
46,86,923.36,46.15,37.19,1.60,11.96,78,1023.36
47,89,298.26,40.00,64.66,1.30,5.07,60,398.26
48,90,142.74,33.96,97.35,1.13,2.79,53,242.74
49,93,357.17,48.65,50.15,1.54,9.76,37,457.17
50,91,-106.60,41.18,121.24,0.92,-1.99,51,-6.60
51,92,-80.96,41.07,566.03,0.95,-1.35,56,19.04
52,94,626.95,41.86,42.20,1.84,14.70,43,726.95
53,95,450.34,37.68,52.38,1.41,6.65,69,550.34
54,97,294.75,42.00,62.95,1.27,6.00,50,394.75
55,96,-90.64,31.75,208.18,0.94,-1.34,63,9.36
56,98,353.23,39.34,42.79,1.34,5.90,61,453.23
57,99,311.52,43.10,126.90,1.20,5.47,58,411.52
58,100,544.09,42.31,30.26,1.66,10.57,52,644.09
59,101,636.80,43.75,21.82,1.58,10.06,64,736.80
60,102,1032.06,46.15,30.79,2.32,19.96,52,1132.06
61,104,384.24,36.67,38.44,1.34,6.51,60,484.24
62,105,725.08,38.18,23.48,1.72,13.30,55,825.08
63,106,1322.59,45.45,18.46,2.73,24.17,55,1422.59
64,103,-127.90,27.27,381.08,0.90,-2.23,55,-27.90
65,107,232.43,32.61,99.59,1.23,5.15,46,332.43
66,108,-59.76,35.29,118.16,0.96,-1.07,51,40.24
67,109,225.72,39.62,82.85,1.22,4.36,53,325.72
68,110,372.07,27.66,28.87,1.54,8.02,47,472.07
69,111,554.09,38.60,41.31,1.51,9.83,57,654.09
70,112,526.84,38.10,30.10,2.00,12.65,42,626.84
71,113,431.99,38.10,72.70,1.47,10.39,42,531.99
72,115,126.50,41.86,115.39,1.16,3.04,43,226.50
73,116,913.64,42.59,16.31,2.26,17.03,54,1013.64
74,117,195.81,45.28,129.00,1.20,3.79,53,295.81
75,114,676.84,44.90,54.48,1.60,13.94,49,776.84
76,118,446.19,33.90,52.28,1.38,7.67,59,546.19
77,119,1256.72,40.98,21.44,2.25,20.72,61,1356.72
78,120,1652.31,43.24,14.49,2.21,22.47,74,1752.31
79,121,1004.40,50.00,18.48,2.13,18.05,56,1104.40
80,122,577.67,43.86,53.57,1.56,10.25,57,677.67
81,123,1212.84,46.15,12.33,2.17,23.44,52,1312.84
82,124,76.48,32.84,117.83,1.06,1.24,67,176.48
83,125,356.60,31.75,76.80,1.35,5.76,63,456.60
84,126,681.08,37.88,35.20,1.45,10.43,66,781.08
85,127,158.64,34.43,56.41,1.14,2.70,61,258.64
86,128,356.68,45.10,88.98,1.37,7.10,51,456.68
87,129,-102.89,42.55,100.32,0.93,-2.08,47,-2.89
88,130,917.30,41.67,30.10,1.67,12.85,72,1017.30
89,132,1043.45,46.55,20.75,2.02,18.11,58,1143.45
90,131,703.34,40.85,40.32,1.60,10.01,71,803.34
91,133,-324.48,37.14,140.86,0.83,-4.53,70,-224.48
92,134,201.20,37.29,116.81,1.17,3.51,59,301.20
93,135,401.40,40.30,60.78,1.33,6.09,67,501.40
94,136,1015.85,42.86,13.68,2.45,20.84,49,1115.85
95,137,247.87,39.29,166.38,1.25,4.53,56,347.87
96,138,-68.86,30.00,149.06,0.94,-1.28,50,31.14
97,139,116.82,36.54,58.15,1.14,2.35,52,216.82
98,140,212.79,38.71,67.52,1.18,3.54,62,312.79
99,141,101.48,36.84,100.34,1.09,1.88,57,201.48
100,144,-454.71,32.26,215.16,0.75,-7.23,62,-354.71
101,142,463.90,35.00,51.50,1.46,7.83,60,563.90
102,145,-55.71,36.84,143.18,0.97,-0.86,57,44.29
103,143,384.77,38.30,30.97,1.60,8.29,47,484.77
104,146,785.46,46.30,56.43,1.71,14.65,54,885.46
105,147,252.07,40.35,79.98,1.27,4.52,57,352.07
106,148,-466.25,28.57,241.31,0.64,-8.23,56,-366.25
107,149,1215.53,44.64,18.89,2.18,21.83,56,1315.53
108,150,1162.49,43.64,11.66,2.49,21.26,55,1262.49
109,152,752.04,45.65,45.06,1.78,16.46,46,852.04
110,151,-393.40,36.62,156.07,0.80,-5.43,71,-293.40
111,153,143.94,46.03,141.44,1.10,2.39,63,243.94
112,155,938.49,43.40,14.36,2.14,17.82,53,1038.49
113,154,362.47,45.45,39.86,1.39,6.69,55,462.47
114,156,1047.88,43.14,23.31,2.39,20.66,51,1147.88
115,157,576.00,36.67,41.45,1.56,9.71,60,676.00
116,158,569.51,38.30,35.68,1.69,12.24,47,669.51
117,159,489.18,42.59,39.95,1.54,9.16,54,589.18
118,160,467.31,34.62,34.41,1.51,9.09,52,567.31
119,161,706.02,41.30,14.67,1.93,15.45,46,806.02
120,162,289.35,35.42,53.97,1.30,6.15,48,389.35
121,163,1576.56,48.21,12.77,2.86,28.27,56,1676.56
122,164,790.87,41.07,15.45,1.96,14.24,56,890.87
123,165,423.58,34.09,24.48,1.66,9.73,44,523.58
124,166,720.76,42.11,28.18,1.71,12.77,57,820.76
125,167,370.88,31.48,40.00,1.34,6.97,54,470.88
126,168,98.70,35.59,112.93,1.10,1.77,59,198.70
127,169,72.29,36.67,93.12,1.07,1.31,60,172.29
128,170,-20.97,33.96,105.38,0.98,-0.30,53,79.03
129,171,3282.61,52.24,11.39,3.44,49.17,67,3382.61
130,172,-147.05,32.50,111.14,0.86,-3.58,40,-47.05
131,173,393.01,43.18,78.80,1.52,9.03,44,493.01
132,174,847.06,44.26,16.42,1.99,14.01,61,947.06
133,177,121.94,30.43,152.05,1.17,2.75,46,221.94
134,175,792.50,40.74,35.68,1.71,14.81,54,892.50
135,176,961.03,42.03,41.66,1.59,14.05,69,1061.03
136,178,176.99,34.00,94.63,1.19,3.64,50,276.99
137,179,685.39,47.92,22.78,1.84,14.40,48,785.39
138,181,-343.32,26.00,217.76,0.69,-6.77,50,-243.32
139,180,1390.12,47.54,17.33,2.46,22.91,61,1490.12
140,182,1322.00,43.33,18.28,2.52,22.16,60,1422.00
141,183,196.36,42.86,50.83,1.26,4.11,49,296.36
142,184,331.10,36.36,48.89,1.33,6.12,55,431.10
143,185,-726.13,21.28,774.98,0.36,-15.35,47,-626.13
144,186,-381.85,35.71,229.46,0.72,-8.99,42,-281.85
145,187,-527.42,20.34,269.83,0.65,-8.84,59,-427.42
146,188,788.98,48.08,32.41,1.84,15.29,52,888.98
147,189,518.57,39.39,58.83,1.45,7.96,66,618.57
148,190,598.90,33.96,31.11,1.74,11.40,53,698.90
149,191,205.57,35.59,64.04,1.25,3.58,59,305.57
150,193,3549.34,56.25,8.40,3.58,55.68,64,3649.34
151,194,1250.05,44.26,13.46,2.51,20.62,61,1350.05
152,192,-226.70,28.33,153.84,0.80,-3.68,60,-126.70
153,195,786.61,44.23,25.17,1.75,15.25,52,886.61
154,196,70.08,35.29,136.01,1.08,1.47,51,170.08
155,197,-415.10,27.45,301.65,0.71,-8.04,51,-315.10
156,198,51.96,38.10,74.46,1.05,0.93,63,151.96
157,199,487.61,41.82,55.76,1.43,8.97,55,587.61
158,201,656.50,43.48,43.45,1.70,14.39,46,756.50
159,200,605.83,40.68,35.80,1.74,10.37,59,705.83
160,202,147.45,31.91,62.67,1.21,3.24,47,247.45
161,203,465.41,37.29,27.58,1.54,7.99,59,565.41
162,204,786.66,44.19,22.42,1.94,18.40,43,886.66
163,206,673.95,39.62,40.65,1.80,12.82,53,773.95
164,205,564.25,40.00,48.56,1.58,11.40,50,664.25
165,207,-279.95,27.87,231.20,0.81,-4.49,61,-179.95
166,208,764.54,45.00,35.71,1.69,12.85,60,864.54
167,209,308.41,35.48,63.22,1.30,5.07,62,408.41
168,210,851.48,44.00,15.32,2.28,17.14,50,951.48
169,211,250.95,33.96,55.53,1.29,4.84,53,350.95
170,212,1004.80,48.98,20.03,2.46,20.62,49,1104.80
171,213,216.44,33.90,74.84,1.19,3.77,59,316.44
172,214,236.79,41.38,103.34,1.21,4.19,58,336.79
173,215,724.40,41.30,26.82,1.90,15.87,46,824.40
174,216,-65.99,36.17,149.98,0.93,-1.30,47,34.01
175,217,231.87,33.96,56.72,1.30,4.48,53,331.87
176,218,553.63,38.30,42.76,1.57,11.88,47,653.63
177,219,707.47,39.66,27.06,1.76,12.31,58,807.47
178,220,209.36,35.59,51.52,1.25,3.65,59,309.36
179,221,110.81,35.48,90.55,1.10,1.89,62,210.81
180,222,564.46,40.43,41.50,1.76,12.11,47,664.46
181,224,461.25,41.38,94.26,1.39,8.06,58,561.25
182,223,1025.31,48.15,9.54,2.71,19.10,54,1125.31
183,225,456.55,38.46,65.08,1.49,8.88,52,556.55
184,226,1102.78,44.23,23.44,2.27,21.32,52,1202.78
185,227,1103.32,46.97,32.96,1.87,16.85,66,1203.32
186,228,671.23,45.24,21.11,1.95,16.11,42,771.23
187,229,1160.18,51.92,21.67,2.12,22.43,52,1260.18
188,230,644.99,47.92,18.85,2.03,13.54,48,744.99
189,231,962.84,48.78,12.62,2.58,23.61,41,1062.84
190,232,-499.39,26.53,223.51,0.59,-10.09,49,-399.39
191,233,56.38,34.62,73.10,1.05,1.18,52,156.38
192,234,204.23,37.88,105.63,1.16,3.20,66,304.23
193,236,-267.32,35.00,196.75,0.68,-6.58,40,-167.32
194,235,280.52,46.88,74.51,1.20,4.49,64,380.52
195,238,-33.30,30.95,142.35,0.97,-0.69,42,66.70
196,237,579.70,37.70,24.54,1.63,9.61,61,679.70
197,239,816.28,44.64,43.77,1.73,14.70,56,916.28
198,240,189.03,41.03,175.58,1.19,4.95,39,289.03
199,242,-15.16,30.95,86.15,0.98,-0.26,42,84.84
200,241,341.09,41.38,40.42,1.38,5.99,58,441.09
201,244,495.27,43.75,46.18,1.63,10.43,48,595.27
202,243,348.73,37.70,67.17,1.32,5.82,61,448.73
203,245,135.68,35.56,72.53,1.18,3.12,45,235.68
204,248,24.23,31.25,136.42,1.03,0.60,48,124.23
205,247,363.88,43.14,53.82,1.47,7.24,51,463.88
206,246,239.87,34.55,48.72,1.21,4.47,55,339.87
207,250,118.24,44.07,132.68,1.08,2.11,59,218.24
208,249,508.22,40.35,43.49,1.50,9.02,57,608.22
209,251,220.08,38.46,35.61,1.27,4.33,52,320.08
210,252,438.68,39.13,73.77,1.31,6.47,69,538.68
211,254,365.78,36.36,27.52,1.58,8.42,44,465.78
212,253,499.88,37.93,26.28,1.56,8.73,58,599.88
213,256,1213.36,43.86,27.50,2.09,21.42,57,1313.36
214,255,56.14,33.33,153.08,1.05,1.14,54,156.14
215,257,1341.58,51.02,21.91,2.46,27.52,49,1441.58
216,258,272.23,36.36,116.31,1.29,6.29,44,372.23
217,259,1433.05,50.00,32.18,2.35,24.85,58,1533.05
218,260,974.15,40.28,17.11,1.89,13.64,72,1074.15
219,261,1942.93,50.98,5.27,4.00,38.24,51,2042.93
220,262,843.85,42.37,29.32,1.93,14.41,59,943.85
221,263,873.73,45.16,29.71,1.80,14.20,62,973.73
222,264,-76.02,35.85,160.33,0.94,-1.33,53,23.98
223,265,1056.45,45.65,14.29,2.94,23.07,46,1156.45
224,266,551.10,39.66,41.49,1.46,9.61,58,651.10
225,267,207.57,33.33,46.22,1.20,3.94,54,307.57
226,269,139.42,39.62,112.72,1.13,2.74,53,239.42
227,268,571.34,44.07,46.92,1.53,9.79,59,671.34
228,271,1000.99,50.00,61.77,1.63,15.30,66,1100.99
229,270,339.61,40.00,32.24,1.46,6.90,50,439.61
230,272,541.36,41.67,48.96,1.44,9.13,60,641.36
231,273,449.51,36.36,36.74,1.49,8.29,55,549.51
232,274,559.64,45.00,48.77,1.51,9.44,60,659.64
233,275,1430.33,51.79,10.56,2.94,25.67,56,1530.33
234,276,1653.38,46.03,13.70,2.58,26.40,63,1753.38
235,277,-33.80,37.50,114.31,0.98,-0.43,64,66.20
236,278,-409.23,32.14,244.80,0.74,-7.21,56,-309.23
237,279,450.13,38.78,47.89,1.45,9.29,49,550.13
238,280,2051.36,58.49,15.11,2.86,38.86,53,2151.36
239,281,-354.14,38.46,151.14,0.79,-6.71,52,-254.14
240,282,-331.58,36.84,343.95,0.79,-5.72,57,-231.58
241,283,-234.60,25.00,265.84,0.81,-4.41,52,-134.60
242,285,682.46,38.33,23.35,1.70,11.48,60,782.46
243,286,211.13,36.00,120.97,1.20,4.32,50,311.13
244,284,238.64,41.54,147.13,1.16,3.77,65,338.64
245,287,-131.12,30.95,161.17,0.85,-3.02,42,-31.12
246,288,-1.77,39.13,121.38,1.00,0.06,46,98.23
247,289,283.75,37.25,62.79,1.29,5.67,51,383.75
248,290,-289.55,28.85,550.73,0.74,-5.47,52,-189.55
249,291,-46.48,31.82,113.04,0.96,-0.96,44,53.52
250,292,-333.76,35.00,142.55,0.79,-5.45,60,-233.76
251,293,193.18,36.54,66.32,1.18,3.82,52,293.18
252,294,-217.48,33.33,268.97,0.78,-4.16,51,-117.48
253,295,422.74,37.50,33.26,1.44,8.91,48,522.74
254,296,-21.75,31.67,97.48,0.99,-0.26,60,78.25
255,298,-3.65,30.19,225.44,1.00,0.03,53,96.35
256,297,184.43,35.29,49.15,1.21,3.72,51,284.43
257,299,495.96,32.69,24.24,1.61,9.65,52,595.96
258,300,875.07,41.18,21.12,2.08,17.27,51,975.07
259,301,32.18,38.89,116.09,1.03,0.70,54,132.18
260,302,730.53,44.44,32.25,1.90,13.64,54,830.53
261,303,1023.99,46.00,12.18,2.44,20.60,50,1123.99
262,304,410.11,40.35,49.13,1.40,7.30,57,510.11
263,305,347.22,42.31,40.84,1.34,6.78,52,447.22
264,306,564.70,41.67,17.71,1.84,11.87,48,664.70
265,307,-68.99,30.65,104.20,0.95,-1.01,62,31.01
266,308,1189.15,44.26,17.67,1.98,19.62,61,1289.15
267,309,388.43,37.88,67.76,1.32,5.99,66,488.43
268,310,728.08,38.78,23.11,1.78,14.97,49,828.08
269,311,-198.96,34.48,123.17,0.85,-3.33,58,-98.96
270,312,801.73,41.07,27.34,1.91,14.45,56,901.73
271,313,407.22,40.00,31.65,1.40,7.51,55,507.22
272,314,958.52,42.86,15.49,2.37,17.23,56,1058.52
273,315,707.05,50.85,69.17,1.51,12.10,59,807.05
274,316,1782.74,51.92,6.34,3.39,34.43,52,1882.74
275,317,227.72,39.73,94.96,1.14,3.22,73,327.72
276,318,-273.57,36.84,140.91,0.73,-7.10,38,-173.57
277,319,-261.24,35.82,176.79,0.81,-3.80,67,-161.24
278,320,483.99,42.86,41.83,1.61,8.74,56,583.99
279,322,342.42,42.86,114.80,1.30,6.22,56,442.42
280,321,-74.70,41.30,118.84,0.95,-1.52,46,25.30
281,323,498.92,39.34,46.53,1.52,8.28,61,598.92
282,324,523.11,37.04,50.13,1.58,9.79,54,623.11
283,325,1607.68,53.57,12.85,3.11,28.83,56,1707.68
284,326,675.59,41.54,53.17,1.55,10.51,65,775.59
285,327,894.54,40.32,39.85,1.84,14.54,62,994.54
286,328,1225.16,50.00,21.27,2.14,24.63,50,1325.16
287,329,765.83,38.60,20.20,1.84,13.55,57,865.83
288,330,741.65,44.44,37.28,1.88,16.59,45,841.65
289,331,784.51,41.38,18.55,1.72,13.64,58,884.51
290,332,396.53,38.10,86.17,1.30,6.40,63,496.53
291,334,1416.45,49.09,18.16,2.62,25.90,55,1516.45
292,333,523.91,39.66,48.10,1.53,9.15,58,623.91
293,335,1158.58,44.26,19.90,2.00,19.11,61,1258.58
294,336,259.32,35.94,58.09,1.22,4.16,64,359.32
295,337,299.70,40.00,49.31,1.27,5.55,55,399.70
296,338,417.50,39.58,49.97,1.54,8.80,48,517.50
297,339,311.80,38.89,52.21,1.38,5.88,54,411.80
298,340,748.21,43.64,22.41,1.81,13.72,55,848.21
299,341,-17.54,42.86,144.65,0.99,-0.31,42,82.46
300,342,673.35,43.40,22.98,2.10,12.81,53,773.35
301,343,-231.46,38.98,246.97,0.85,-3.82,59,-131.46
302,344,635.75,38.71,21.19,1.67,10.36,62,735.75
303,345,138.22,33.85,88.66,1.11,2.23,65,238.22
304,346,774.29,38.98,19.35,1.89,13.23,59,874.29
305,347,169.69,35.82,135.78,1.10,2.64,67,269.69
306,348,824.20,43.64,30.64,1.77,15.11,55,924.20
307,349,1461.37,46.43,14.89,2.38,26.23,56,1561.37
308,350,628.13,43.33,48.22,1.58,10.58,60,728.13
309,351,718.68,42.86,33.05,1.84,14.79,49,818.68
310,352,794.87,45.61,18.79,2.03,14.05,57,894.87
311,353,765.23,37.31,30.17,1.63,11.54,67,865.23
312,354,533.58,41.51,44.80,1.56,10.17,53,633.58
313,355,949.79,43.86,17.75,2.22,16.79,57,1049.79
314,356,412.33,38.46,62.00,1.45,8.03,52,512.33
315,358,-88.19,31.11,107.35,0.92,-1.86,45,11.81
316,357,1363.06,49.21,9.01,2.63,21.77,63,1463.06
317,359,937.81,46.30,20.17,2.07,17.49,54,1037.81
318,360,328.47,36.73,74.98,1.33,6.80,49,428.47
319,361,886.76,46.51,31.61,2.29,20.74,43,986.76
320,362,844.57,37.29,31.05,1.73,14.43,59,944.57
321,363,-88.72,34.48,126.48,0.93,-1.43,58,11.28
322,364,274.03,38.10,38.89,1.29,4.45,63,374.03
323,365,558.41,38.60,40.34,1.56,9.90,57,658.41
324,367,-166.55,34.88,393.70,0.82,-3.77,43,-66.55
325,366,-68.85,31.15,100.07,0.95,-1.03,61,31.15
326,368,433.86,42.00,42.06,1.46,8.79,50,533.86
327,369,-39.29,37.74,103.07,0.97,-0.64,53,60.71
328,370,1931.29,58.49,14.42,3.22,36.61,53,2031.29
329,371,-366.02,30.61,266.80,0.66,-7.37,49,-266.02
330,372,408.21,39.29,32.04,1.41,7.39,56,508.21
331,373,415.40,35.00,32.36,1.43,7.03,60,515.40
332,374,373.35,38.78,57.93,1.41,7.72,49,473.35
333,375,723.99,41.54,29.44,1.70,11.26,65,823.99
334,376,853.39,40.68,31.18,1.75,14.59,59,953.39
335,377,376.07,39.22,60.87,1.54,7.48,51,476.07
336,378,195.85,35.56,91.68,1.22,4.45,45,295.85
337,379,379.50,43.86,54.09,1.32,6.77,57,479.50
338,380,424.04,43.48,85.36,1.53,9.32,46,524.04
339,382,168.11,40.74,64.00,1.17,3.22,54,268.11
340,381,1612.00,46.03,17.25,2.32,25.72,63,1712.00
341,383,475.45,38.60,44.48,1.50,8.44,57,575.45
342,384,576.84,44.44,63.08,1.59,9.26,63,676.84
343,385,417.83,35.42,47.20,1.63,8.81,48,517.83
344,386,1030.51,42.65,18.93,1.81,15.28,68,1130.51
345,387,1346.10,48.57,32.89,1.94,19.38,70,1446.10
346,388,437.61,37.25,39.40,1.58,8.68,51,537.61
347,389,360.32,38.33,59.65,1.33,6.11,60,460.32
348,390,802.00,44.07,25.05,1.85,13.71,59,902.00
349,391,-199.94,29.17,137.67,0.82,-4.06,48,-99.94
350,392,232.50,30.00,48.95,1.23,4.75,50,332.50
351,393,441.03,40.00,50.76,1.39,8.13,55,541.03
352,394,104.55,34.38,115.62,1.09,1.74,64,204.55
353,395,-75.44,32.76,135.20,0.94,-1.20,58,24.56
354,396,288.13,35.19,55.66,1.32,5.44,54,388.13
355,397,378.27,43.75,60.09,1.48,7.98,48,478.27
356,398,1759.97,48.33,10.61,3.16,29.47,60,1859.97
357,399,287.38,44.26,82.16,1.25,4.81,61,387.38
358,400,120.99,37.50,62.18,1.13,2.62,48,220.99
359,401,363.05,38.46,38.78,1.43,7.09,52,463.05
360,402,1402.18,51.11,9.37,3.29,31.29,45,1502.18
361,403,649.98,40.00,47.81,1.61,11.94,55,749.98
362,404,263.50,35.85,79.94,1.29,5.08,53,363.50
363,406,-230.03,28.26,246.46,0.74,-4.90,46,-130.03
364,405,68.49,37.25,128.54,1.06,1.44,51,168.49
365,408,196.61,43.14,80.55,1.20,3.96,51,296.61
366,407,858.47,42.37,23.93,1.82,14.68,59,958.47
367,409,900.98,44.23,20.32,2.08,17.43,52,1000.98
368,410,1045.54,50.00,11.54,2.37,22.84,46,1145.54
369,411,-6.06,35.21,104.36,1.00,0.02,71,93.94
370,412,116.27,32.69,98.06,1.12,2.34,52,216.27
371,413,260.90,42.00,73.09,1.27,5.32,50,360.90
372,414,562.82,48.94,41.98,1.65,12.09,47,662.82
373,415,98.28,38.98,74.34,1.10,1.77,59,198.28
374,416,1386.12,47.06,12.81,2.67,27.31,51,1486.12
375,417,802.45,40.98,37.48,1.67,13.27,61,902.45
376,418,755.97,43.64,31.86,1.97,13.86,55,855.97
377,419,633.83,44.83,33.15,1.74,11.03,58,733.83
378,420,402.09,38.60,35.70,1.42,7.16,57,502.09
379,421,1094.87,44.93,33.48,1.86,15.99,69,1194.87
380,422,1344.12,52.08,10.53,2.98,28.12,48,1444.12
381,423,1037.54,47.37,20.48,2.04,18.33,57,1137.54
382,424,665.25,44.64,33.72,1.72,11.99,56,765.25
383,425,309.31,37.74,78.49,1.31,5.94,53,409.31
384,426,384.69,41.79,63.83,1.26,5.85,67,484.69
385,427,1934.42,47.95,9.80,2.39,26.66,73,2034.42
386,428,527.36,36.92,35.54,1.37,8.22,65,627.36
387,429,301.41,35.38,53.11,1.28,4.74,65,401.41
388,430,856.21,43.86,20.61,1.93,15.14,57,956.21
389,431,167.02,36.76,58.99,1.15,2.56,68,267.02
390,432,969.59,43.33,21.27,2.00,16.27,60,1069.59
391,433,544.23,40.00,44.51,1.46,8.47,65,644.23
392,434,312.17,38.46,64.84,1.36,6.11,52,412.17
393,435,-19.23,41.94,110.00,0.99,-0.20,62,80.77
394,436,706.73,52.63,25.30,2.21,18.70,38,806.73
395,437,-716.27,25.33,357.78,0.62,-9.45,75,-616.27
396,438,569.90,40.98,32.84,1.49,9.46,61,669.90
397,439,671.72,37.04,37.17,1.74,12.54,54,771.72
398,440,302.90,30.77,90.89,1.33,5.93,52,402.90
399,441,497.71,43.40,55.14,1.52,9.51,53,597.71
400,442,684.82,43.64,40.31,1.67,12.57,55,784.82
401,443,-27.46,28.26,172.65,0.98,-0.50,46,72.54
402,444,-208.99,32.35,193.91,0.88,-2.97,68,-108.99
403,445,1871.58,54.10,18.57,2.40,30.83,61,1971.58
404,446,504.43,43.40,78.19,1.46,9.62,53,604.43
405,447,259.87,34.69,53.32,1.29,5.41,49,359.87
406,448,170.71,35.90,75.82,1.29,4.48,39,270.71
407,449,646.66,37.50,30.12,1.67,11.65,56,746.66
408,450,169.81,37.50,82.06,1.16,3.13,56,269.81
409,452,747.33,44.23,33.72,1.76,14.52,52,847.33
410,451,741.22,38.71,22.12,1.72,12.06,62,841.22
411,453,34.02,32.50,143.08,1.04,0.95,40,134.02
412,454,126.60,38.60,72.79,1.13,2.32,57,226.60
413,455,589.04,36.54,35.23,1.65,11.43,52,689.04
414,456,775.00,41.67,26.24,1.68,13.03,60,875.00
415,457,1362.65,46.43,8.89,2.55,24.45,56,1462.65
416,458,-160.39,36.67,262.11,0.87,-2.57,60,-60.39
417,459,307.53,44.12,86.47,1.19,4.63,68,407.53
418,460,926.19,43.90,9.89,2.34,22.70,41,1026.19
419,461,73.84,38.71,94.80,1.06,1.29,62,173.84
420,462,598.66,40.00,60.97,1.52,9.31,65,698.66
421,463,919.54,42.86,24.30,1.76,16.57,56,1019.54
422,464,-55.88,36.67,138.31,0.96,-0.82,60,44.12
423,465,668.96,37.04,22.81,1.79,12.50,54,768.96
424,466,500.37,42.11,44.31,1.62,8.89,57,600.37
425,467,-288.04,28.33,175.84,0.78,-4.70,60,-188.04
426,468,416.54,34.33,44.79,1.47,6.32,67,516.54
427,470,7.19,30.00,91.42,1.01,0.22,60,107.19
428,469,189.91,33.87,147.83,1.16,3.16,62,289.91
429,471,657.23,39.29,36.15,1.79,11.85,56,757.23
430,472,246.90,33.90,59.24,1.22,4.30,59,346.90
431,473,351.34,39.13,34.70,1.67,7.74,46,451.34
432,474,-40.11,31.37,121.34,0.97,-0.69,51,59.89
433,475,-149.24,37.74,145.86,0.91,-2.71,53,-49.24
434,476,347.27,44.00,90.65,1.32,7.05,50,447.27
435,477,247.74,39.22,115.63,1.27,4.96,51,347.74
436,478,497.29,39.62,44.76,1.58,9.49,53,597.29
437,479,418.71,44.23,57.43,1.49,8.15,52,518.71
438,480,1562.92,51.85,12.06,2.85,29.06,54,1662.92
439,481,139.44,36.84,102.85,1.13,2.55,57,239.44
440,482,-269.98,27.91,253.29,0.68,-6.18,43,-169.98
441,483,-227.53,40.38,198.81,0.85,-4.28,52,-127.53
442,484,794.95,42.37,23.30,1.87,13.58,59,894.95
443,485,-30.79,33.96,92.98,0.97,-0.48,53,69.21
444,486,698.08,39.34,20.66,1.66,11.55,61,798.08
445,487,229.81,37.29,35.52,1.22,4.00,59,329.81
446,488,665.64,46.94,46.32,1.63,13.71,49,765.64
447,490,349.48,41.82,43.97,1.40,6.46,55,449.48
448,489,581.05,36.07,46.67,1.58,9.63,61,681.05
449,491,128.24,40.00,56.83,1.15,2.96,45,228.24
450,492,2073.22,51.72,4.91,3.85,35.89,58,2173.22
451,493,329.50,40.38,78.60,1.36,6.44,52,429.50
452,494,466.12,40.38,53.59,1.43,9.07,52,566.12
453,495,674.66,45.45,25.83,1.79,12.38,55,774.66
454,496,444.23,35.29,48.08,1.51,8.82,51,544.23
455,497,247.80,37.50,82.51,1.25,4.53,56,347.80
456,498,571.75,40.68,17.55,1.61,9.81,59,671.75
457,499,-79.01,35.19,173.41,0.93,-1.36,54,20.99
458,500,657.81,44.68,18.97,2.04,14.10,47,757.81
459,501,869.56,50.85,48.51,1.73,14.86,59,969.56
460,502,885.68,39.68,28.24,1.78,14.18,63,985.68
461,503,407.53,37.25,30.67,1.69,8.09,51,507.53
462,504,366.23,42.59,64.88,1.32,6.89,54,466.23
463,505,335.03,36.67,57.90,1.34,5.69,60,435.03
464,506,982.94,41.54,19.54,1.92,15.23,65,1082.94
465,507,-266.64,25.81,160.83,0.82,-4.20,62,-166.64
466,508,1308.14,47.62,11.53,2.31,20.89,63,1408.14
467,509,1293.73,45.61,10.67,2.61,22.81,57,1393.73
468,510,307.03,45.10,156.96,1.23,6.12,51,407.03
469,511,192.35,30.77,133.62,1.22,3.80,52,292.35
470,512,1210.08,48.98,26.12,2.40,24.83,49,1310.08
471,513,411.60,43.18,45.96,1.64,9.46,44,511.60
472,514,448.69,38.33,64.59,1.47,7.59,60,548.69
473,515,331.36,39.34,55.22,1.26,5.54,61,431.36
474,516,-435.48,34.48,504.12,0.73,-7.41,58,-335.48
475,517,625.20,40.91,35.56,1.68,14.33,44,725.20
476,518,691.19,44.90,28.65,1.96,14.21,49,791.19
477,519,222.90,34.69,110.33,1.26,4.65,49,322.90
478,520,975.88,43.75,38.40,1.80,15.41,64,1075.88
479,521,346.49,42.86,93.92,1.45,8.35,42,446.49
480,522,4.59,39.34,97.96,1.01,0.18,61,104.59
481,523,-90.02,34.55,170.72,0.93,-1.54,55,9.98
482,524,915.56,43.55,18.93,2.01,14.88,62,1015.56
483,525,362.82,39.13,65.87,1.26,8.00,46,462.82
484,526,456.05,34.29,49.72,1.39,6.62,70,556.05
485,527,-102.69,33.87,210.73,0.93,-1.56,62,-2.69
486,528,532.33,35.85,35.27,1.60,10.15,53,632.33
487,529,158.41,38.46,47.85,1.18,3.15,52,258.41
488,530,243.18,44.29,160.47,1.15,3.58,70,343.18
489,531,911.92,41.79,28.60,1.69,13.73,67,1011.92
490,532,-89.54,30.77,175.01,0.93,-1.62,52,10.46
491,533,-174.79,27.27,129.88,0.79,-3.87,44,-74.79
492,534,644.22,42.86,29.49,1.60,11.63,56,744.22
493,535,753.95,43.59,19.09,2.56,19.46,39,853.95
494,536,1281.75,47.69,20.74,2.00,19.85,65,1381.75
495,537,-183.10,35.42,114.53,0.88,-3.71,48,-83.10
496,538,1809.39,53.85,15.15,2.87,34.97,52,1909.39
497,539,785.12,40.00,22.15,1.89,14.39,55,885.12
498,540,1687.15,44.29,14.81,2.60,24.24,70,1787.15
499,541,118.43,38.89,146.17,1.11,2.30,54,218.43
500,542,-383.33,37.04,180.59,0.75,-7.00,54,-283.33
501,543,295.21,45.10,97.79,1.32,5.89,51,395.21
502,544,650.86,51.22,39.30,1.87,15.98,41,750.86
503,545,95.40,36.99,87.38,1.08,1.41,73,195.40
504,546,-558.38,27.78,276.78,0.60,-10.24,54,-458.38
505,547,923.18,42.31,14.71,2.08,17.88,52,1023.18
506,548,226.45,44.00,86.09,1.19,4.64,50,326.45
507,549,1289.90,43.55,18.72,2.04,20.94,62,1389.90
508,550,415.00,36.07,71.40,1.33,6.91,61,515.00
509,551,719.78,38.60,22.60,1.83,12.73,57,819.78
510,553,39.96,34.09,178.48,1.05,1.01,44,139.96
511,552,303.02,41.03,63.16,1.47,7.87,39,403.02
512,554,-60.31,36.73,101.47,0.96,-1.13,49,39.69
513,555,-104.76,30.56,299.69,0.87,-2.81,36,-4.76
514,556,692.13,43.64,45.06,1.69,12.71,55,792.13
515,557,347.92,36.11,73.82,1.28,4.93,72,447.92
516,558,377.98,40.00,91.29,1.32,6.40,60,477.98
517,559,520.42,39.22,39.38,1.57,10.31,51,620.42
518,560,1315.15,49.06,15.92,2.49,24.97,53,1415.15
519,561,60.62,25.93,137.70,1.08,1.22,54,160.62
520,562,833.28,46.30,45.22,1.95,15.54,54,933.28
521,563,-216.41,40.91,209.06,0.86,-4.82,44,-116.41
522,564,1218.64,47.73,12.70,2.54,27.82,44,1318.64
523,566,-340.83,38.89,182.77,0.70,-9.37,36,-240.83
524,565,758.48,45.28,33.39,1.82,14.42,53,858.48
525,567,-3.73,37.04,107.17,1.00,0.03,54,96.27
526,568,577.20,37.93,28.26,1.61,10.06,58,677.20
527,569,136.56,40.00,53.05,1.20,3.14,45,236.56
528,570,-11.93,36.07,127.25,1.00,-0.10,61,88.07
529,571,1333.86,48.21,8.92,2.44,23.94,56,1433.86
530,572,652.48,46.94,30.88,1.87,13.42,49,752.48
531,573,460.71,39.06,35.60,1.43,7.30,64,560.71
532,574,679.52,39.29,32.26,1.77,12.25,56,779.52
533,575,395.60,36.51,49.25,1.32,6.38,63,495.60
534,576,393.33,46.55,62.09,1.39,6.89,58,493.33
535,577,-186.57,32.84,155.41,0.89,-2.68,67,-86.57
536,578,512.25,40.32,78.25,1.33,8.39,62,612.25
537,579,428.39,41.86,34.78,1.53,10.07,43,528.39
538,580,130.64,36.00,102.72,1.14,2.71,50,230.64
539,581,443.69,34.29,52.07,1.39,6.44,70,543.69
540,582,-276.72,23.53,380.84,0.70,-5.33,51,-176.72
541,583,-383.43,26.98,182.80,0.72,-5.99,63,-283.43
542,584,805.40,43.10,27.87,1.82,14.01,58,905.40
543,586,1170.56,50.00,11.37,3.14,22.64,52,1270.56
544,585,512.04,44.23,64.72,1.44,9.95,52,612.04
545,587,-29.51,36.73,109.68,0.98,-0.50,49,70.49
546,588,-299.66,32.73,343.31,0.78,-5.35,55,-199.66
547,589,1877.01,52.00,7.30,3.93,37.68,50,1977.01
548,590,198.64,38.71,110.05,1.18,3.30,62,298.64
549,591,868.79,40.32,25.82,1.83,14.13,62,968.79
550,592,813.66,50.85,26.00,1.81,13.90,59,913.66
551,593,-301.86,34.09,210.17,0.80,-6.76,44,-201.86
552,594,412.24,43.10,135.99,1.30,7.21,58,512.24
553,595,231.96,37.04,76.86,1.25,4.40,54,331.96
554,596,1813.57,49.28,10.77,2.59,26.43,69,1913.57
555,597,-67.74,36.36,95.14,0.93,-1.44,44,32.26
556,598,139.62,34.00,82.45,1.15,2.90,50,239.62
557,599,274.91,36.92,47.66,1.21,4.33,65,374.91
558,600,-12.28,27.08,99.55,0.99,-0.16,48,87.72
559,601,515.55,40.82,34.20,1.73,10.62,49,615.55
560,602,1049.85,43.64,13.00,2.08,19.20,55,1149.85
561,603,824.54,43.33,43.22,1.60,13.86,60,924.54
562,604,1030.70,47.73,21.12,2.55,23.55,44,1130.70
563,605,695.98,43.28,62.52,1.52,10.49,67,795.98
564,606,70.28,34.62,89.11,1.07,1.45,52,170.28
565,607,1081.69,47.73,22.39,2.24,24.71,44,1181.69
566,608,854.31,43.64,38.83,1.76,15.66,55,954.31
567,609,421.02,38.98,38.15,1.49,7.24,59,521.02
568,610,3.38,36.73,102.65,1.01,0.17,49,103.38
569,611,866.80,44.62,22.73,1.85,13.45,65,966.80
570,613,581.95,48.72,31.93,1.84,15.05,39,681.95
571,612,-80.88,36.73,167.34,0.92,-1.55,49,19.12
572,614,481.72,37.04,39.11,1.55,9.03,54,581.72
573,615,228.60,46.30,117.07,1.18,4.34,54,328.60
574,616,1526.44,50.94,8.15,3.02,28.95,53,1626.44
575,617,871.27,42.55,17.72,2.16,18.65,47,971.27
576,618,-332.54,28.57,515.05,0.71,-5.84,56,-232.54
577,619,-127.69,30.16,222.37,0.89,-1.93,63,-27.69
578,620,-13.20,37.74,129.11,0.99,-0.15,53,86.80
579,621,195.67,45.45,95.82,1.13,3.08,66,295.67
580,622,966.98,43.66,36.06,1.89,13.74,71,1066.98
581,623,1256.97,50.00,16.03,2.16,21.82,58,1356.97
582,624,-448.31,33.93,201.77,0.73,-7.90,56,-348.31
583,625,11.83,36.07,202.22,1.02,0.29,61,111.83
584,626,658.61,45.10,38.31,1.69,13.03,51,758.61
585,627,576.01,41.94,58.09,1.53,9.40,62,676.01
586,628,884.68,43.64,18.06,2.04,16.20,55,984.68
587,629,206.50,35.71,80.27,1.22,3.79,56,306.50
588,630,-472.56,37.50,227.05,0.72,-9.74,48,-372.56
589,631,803.77,46.81,18.66,1.95,17.21,47,903.77
590,632,598.54,48.72,25.28,2.03,15.45,39,698.54
591,633,766.84,47.17,32.82,1.68,14.59,53,866.84
592,634,870.88,40.32,16.55,1.85,14.16,62,970.88
593,635,1439.44,53.49,8.05,3.47,33.60,43,1539.44
594,636,20.91,33.33,115.29,1.02,0.51,51,120.91
595,637,628.38,48.33,60.59,1.46,10.59,60,728.38
596,638,-18.40,33.33,84.10,0.99,-0.28,48,81.60
597,639,631.55,43.55,53.37,1.46,10.30,62,731.55
598,640,226.53,35.48,50.38,1.19,3.76,62,326.53
599,641,117.13,34.09,86.08,1.15,2.76,44,217.13
600,642,780.43,45.16,31.29,1.76,12.69,62,880.43
601,643,484.96,41.67,25.12,1.81,13.57,36,584.96
602,644,1013.94,45.61,15.86,2.19,17.91,57,1113.94
603,645,433.43,37.29,40.84,1.41,7.45,59,533.43
604,646,546.01,47.27,98.40,1.49,10.03,55,646.01
605,647,387.14,40.98,101.74,1.28,6.45,61,487.14
606,648,401.97,41.51,71.31,1.37,7.69,53,501.97
607,649,107.79,36.11,80.68,1.18,3.10,36,207.79
608,650,420.33,39.66,34.76,1.43,7.35,58,520.33
609,651,-313.89,40.38,168.87,0.79,-5.94,52,-213.89
610,652,816.57,35.59,25.62,2.02,13.95,59,916.57
611,653,553.97,44.00,46.64,1.43,7.49,75,653.97
612,654,-539.66,37.21,181.87,0.66,-12.45,43,-439.66
613,655,228.51,35.94,86.83,1.19,3.67,64,328.51
614,656,47.45,35.19,83.70,1.05,0.98,54,147.45
615,657,1580.06,47.62,18.91,2.18,25.23,63,1680.06
616,658,815.05,45.10,21.99,2.05,16.10,51,915.05
617,659,614.96,40.68,70.04,1.58,10.53,59,714.96
618,660,532.11,43.86,43.34,1.53,9.45,57,632.11
619,661,775.62,41.67,29.82,1.57,10.88,72,875.62
620,662,856.20,47.37,33.74,1.80,15.13,57,956.20
621,663,-75.42,37.14,116.46,0.97,-0.97,70,24.58
622,664,430.73,34.62,49.29,1.46,8.39,52,530.73
623,665,581.96,43.10,51.12,1.60,10.14,58,681.96
624,666,904.68,47.83,17.66,2.39,19.80,46,1004.68
625,667,262.72,40.00,75.61,1.31,5.94,45,362.72
626,668,701.79,46.67,32.67,1.78,11.80,60,801.79
627,669,637.78,40.68,24.70,1.68,10.92,59,737.78
628,670,628.30,37.29,34.85,1.66,10.76,59,728.30
629,671,441.05,42.19,68.57,1.39,6.99,64,541.05
630,672,367.19,38.78,49.92,1.49,7.61,49,467.19
631,673,508.62,36.73,56.10,1.55,10.48,49,608.62
632,674,171.24,31.03,110.22,1.14,3.05,58,271.24
633,675,624.26,46.38,76.92,1.44,9.16,69,724.26
634,676,-263.58,34.62,142.17,0.79,-4.96,52,-163.58
635,677,1502.13,49.21,25.08,2.40,23.98,63,1602.13
636,679,77.23,39.22,85.24,1.07,1.62,51,177.23
637,678,178.20,31.48,68.81,1.16,3.40,54,278.20
638,680,1360.47,48.94,12.31,3.06,29.09,47,1460.47
639,681,637.53,39.53,54.43,1.78,14.93,43,737.53
640,682,47.15,37.50,90.47,1.05,0.94,56,147.15
641,683,505.61,40.30,38.43,1.56,7.65,67,605.61
642,684,358.13,37.70,47.83,1.38,5.97,61,458.13
643,685,-33.26,40.91,92.63,0.97,-0.65,44,66.74
644,686,-308.42,26.79,338.67,0.76,-5.41,56,-208.42
645,687,1140.05,45.00,11.13,2.28,19.11,60,1240.05
646,688,-228.25,37.04,332.13,0.83,-4.13,54,-128.25
647,689,2175.45,54.90,5.47,4.32,42.79,51,2275.45
648,690,82.61,36.73,94.16,1.09,1.79,49,182.61
649,691,629.63,45.83,48.32,1.62,13.23,48,729.63
650,692,538.56,40.82,28.55,1.77,11.10,49,638.56
651,693,233.10,38.64,89.94,1.23,5.40,44,333.10
652,694,698.60,42.86,36.96,1.79,11.20,63,798.60
653,695,2419.35,55.77,4.38,5.31,46.66,52,2519.35
654,696,367.54,36.36,65.39,1.43,6.78,55,467.54
655,697,989.47,47.50,12.09,2.60,24.85,40,1089.47
656,698,553.33,37.04,56.84,1.47,10.35,54,653.33
657,699,222.49,40.00,75.23,1.29,5.05,45,322.49
658,700,938.71,43.08,45.92,1.84,14.56,65,1038.71
659,701,271.21,30.95,51.78,1.42,6.56,42,371.21
660,703,704.21,44.83,30.68,1.84,12.26,58,804.21
661,702,-744.33,28.57,888.92,0.44,-17.62,42,-644.33
662,704,324.53,40.74,78.07,1.32,6.11,54,424.53
663,705,-748.06,34.04,280.28,0.54,-15.81,47,-648.06
664,706,-188.13,30.19,187.95,0.83,-3.45,53,-88.13
665,707,1025.91,45.61,25.24,1.99,18.12,57,1125.91
666,708,382.70,35.71,31.21,1.39,6.94,56,482.70
667,709,712.88,38.98,13.57,1.94,12.19,59,812.88
668,710,382.30,38.24,79.34,1.29,5.73,68,482.30
669,711,-337.45,28.57,207.31,0.68,-6.79,49,-237.45
670,712,1037.85,46.43,15.10,2.38,18.65,56,1137.85
671,713,324.62,35.48,49.97,1.26,5.34,62,424.62
672,714,664.57,48.15,45.08,1.58,12.42,54,764.57
673,715,59.48,28.30,127.28,1.06,1.22,53,159.48
674,716,-310.68,33.33,189.32,0.82,-4.83,63,-210.68
675,717,196.73,34.92,144.71,1.18,3.22,63,296.73
676,718,147.41,38.71,110.72,1.28,4.86,31,247.41
677,719,47.88,34.04,81.12,1.05,1.13,47,147.88
678,720,558.32,42.37,34.08,1.66,9.57,59,658.32
679,721,427.68,41.79,49.17,1.29,6.50,67,527.68
680,722,1193.33,43.86,16.84,2.22,21.04,57,1293.33
681,723,-307.08,25.00,273.31,0.74,-5.81,52,-207.08
682,724,950.26,46.43,25.11,2.08,17.07,56,1050.26
683,725,-82.87,35.59,107.31,0.93,-1.30,59,17.13
684,726,284.16,40.00,81.50,1.31,6.42,45,384.16
685,727,535.15,43.14,39.57,1.64,10.61,51,635.15
686,728,35.29,28.95,79.03,1.07,1.03,38,135.29
687,729,701.89,42.86,31.35,2.30,14.43,49,801.89
688,730,43.41,34.92,90.80,1.04,0.79,63,143.41
689,731,674.17,40.30,48.99,1.50,10.17,67,774.17
690,732,855.82,44.64,23.05,1.86,15.41,56,955.82
691,733,110.86,33.33,61.16,1.14,2.16,54,210.86
692,734,1143.96,43.86,17.54,2.10,20.21,57,1243.96
693,735,124.95,35.19,116.68,1.12,2.41,54,224.95
694,736,442.50,36.73,28.28,1.63,9.13,49,542.50
695,737,-8.92,34.00,374.55,1.00,-0.08,50,91.08
696,738,621.19,43.86,23.11,1.67,11.01,57,721.19
697,739,2104.87,44.64,11.82,4.01,37.72,56,2204.87
698,740,-75.95,42.59,170.80,0.95,-1.31,54,24.05
699,741,384.03,45.76,56.07,1.36,6.61,59,484.03
700,742,883.89,44.23,21.64,1.94,17.10,52,983.89
701,743,445.17,43.75,58.58,1.54,9.37,48,545.17
702,744,-384.29,40.38,161.17,0.74,-7.29,52,-284.29
703,745,279.30,42.22,47.04,1.40,6.31,45,379.30
704,746,68.57,31.71,64.60,1.11,1.77,41,168.57
705,747,4.99,37.04,86.32,1.01,0.20,54,104.99
706,748,378.23,38.89,51.76,1.57,7.11,54,478.23
707,749,462.51,49.02,65.84,1.29,9.21,51,562.51
708,750,836.23,38.89,28.77,2.00,15.60,54,936.23
709,751,176.57,33.33,44.76,1.24,4.03,45,276.57
710,752,64.73,35.85,151.23,1.06,1.32,53,164.73
711,753,180.65,31.91,62.24,1.25,3.94,47,280.65
712,754,579.30,40.00,28.94,1.73,11.69,50,679.30
713,755,766.74,42.55,30.20,2.13,16.42,47,866.74
714,756,462.77,32.73,29.63,1.44,8.52,55,562.77
715,757,875.60,43.86,16.51,1.99,15.49,57,975.60
716,758,1013.00,52.38,11.01,2.74,24.24,42,1113.00
717,759,744.73,44.00,24.33,1.83,15.00,50,844.73
718,760,858.53,40.00,30.39,1.80,14.42,60,958.53
719,761,-558.31,27.12,293.35,0.64,-9.36,59,-458.31
720,762,730.24,42.37,28.68,1.62,12.49,59,830.24
721,763,-61.22,41.18,195.02,0.96,-1.10,51,38.78
722,764,786.91,43.14,21.19,1.94,15.55,51,886.91
723,765,1495.86,43.10,16.32,2.48,25.91,58,1595.86
724,766,-126.66,36.36,153.48,0.88,-2.78,44,-26.66
725,767,-439.48,24.14,606.32,0.68,-7.48,58,-339.48
726,768,102.55,39.29,124.42,1.08,1.93,56,202.55
727,769,481.85,42.65,54.56,1.35,7.20,68,581.85
728,770,81.83,39.62,140.43,1.09,1.65,53,181.83
729,771,982.66,43.75,27.82,2.21,20.61,48,1082.66
730,772,694.95,53.33,65.48,1.46,11.70,60,794.95
731,773,250.08,35.71,57.95,1.37,6.06,42,350.08
732,774,1031.33,42.65,32.13,1.76,15.30,68,1131.33
733,775,434.56,37.50,28.86,1.59,10.97,40,534.56
734,776,694.28,44.64,43.83,1.62,12.52,56,794.28
735,777,405.64,37.78,81.01,1.47,9.11,45,505.64
736,778,927.33,47.06,33.42,2.16,18.31,51,1027.33
737,779,447.65,35.14,26.88,1.75,12.20,37,547.65
738,780,398.49,38.64,33.21,1.67,9.16,44,498.49
739,781,410.72,44.90,52.16,1.48,8.49,49,510.72
740,782,399.97,35.00,89.22,1.29,6.78,60,499.97
741,783,573.01,42.03,27.74,1.46,8.41,69,673.01
742,784,-256.04,31.48,206.28,0.72,-4.64,54,-156.04
743,785,1230.24,50.94,18.35,2.50,23.34,53,1330.24
744,786,-16.15,31.37,93.79,0.99,-0.22,51,83.85
745,787,942.73,46.30,30.73,2.06,17.57,54,1042.73
746,788,179.13,34.00,91.39,1.19,3.68,50,279.13
747,789,99.65,31.48,74.56,1.09,1.95,54,199.65
748,790,450.02,36.36,49.50,1.55,10.33,44,550.02
749,791,-76.57,25.49,188.61,0.92,-1.40,51,23.43
750,792,734.08,43.14,23.54,2.02,14.50,51,834.08
751,793,-147.04,32.00,175.32,0.88,-2.84,50,-47.04
752,794,-6.19,32.20,99.20,1.00,-0.00,59,93.81
753,795,26.60,33.87,82.57,1.03,0.53,62,126.60
754,796,628.97,44.23,81.81,1.44,12.22,52,728.97
755,797,349.82,35.19,64.65,1.55,6.58,54,449.82
756,798,502.81,45.45,38.92,1.60,9.25,55,602.81
757,799,-279.75,27.27,217.09,0.73,-6.26,44,-179.75
758,800,885.82,38.18,21.80,1.89,16.23,55,985.82
759,801,-363.00,28.57,241.82,0.72,-7.31,49,-263.00
760,802,478.49,38.46,32.96,1.55,9.31,52,578.49
761,803,644.53,44.44,26.05,1.89,14.44,45,744.53
762,804,255.16,44.00,82.04,1.24,5.20,50,355.16
763,805,670.66,40.00,23.33,1.86,13.52,50,770.66
764,806,92.52,41.18,87.46,1.10,1.92,51,192.52
765,807,1289.76,54.17,18.20,2.60,27.02,48,1389.76
766,808,270.74,40.32,122.32,1.23,4.47,62,370.74
767,809,862.49,47.37,41.94,1.90,15.25,57,962.49
768,810,215.82,38.78,65.08,1.19,4.51,49,315.82
769,811,1145.42,43.86,27.57,2.18,20.21,57,1245.42
770,812,-425.71,31.03,167.71,0.78,-7.24,58,-325.71
771,813,607.47,36.67,43.01,1.52,10.23,60,707.47
772,814,178.47,35.38,93.97,1.11,2.85,65,278.47
773,815,595.26,41.38,40.37,1.51,10.37,58,695.26
774,816,208.68,41.94,104.28,1.19,3.48,62,308.68
775,817,550.64,42.86,37.36,1.56,9.94,56,650.64
776,818,497.24,39.06,43.73,1.45,7.87,64,597.24
777,819,1095.74,43.10,14.78,2.23,19.02,58,1195.74
778,820,156.21,40.74,71.79,1.14,3.00,54,256.21
779,821,-145.13,38.98,120.27,0.92,-2.35,59,-45.13
780,822,325.40,34.48,76.41,1.34,5.71,58,425.40
781,823,250.43,40.82,64.36,1.31,5.22,49,350.43
782,824,508.58,41.27,32.23,1.47,8.18,63,608.58
783,825,560.45,44.26,70.42,1.52,9.30,61,660.45
784,826,240.95,38.46,62.07,1.32,4.74,52,340.95
785,827,-147.22,29.55,244.72,0.84,-3.25,44,-47.22
786,828,382.96,38.18,41.53,1.39,7.07,55,482.96
787,829,1276.07,48.00,10.73,3.05,25.65,50,1376.07
788,830,245.84,36.96,83.40,1.34,5.44,46,345.84
789,831,159.87,43.48,110.70,1.20,3.58,46,259.87
790,832,819.10,36.21,36.97,1.79,14.25,58,919.10
791,833,599.02,39.13,37.26,1.50,8.79,69,699.02
792,834,959.31,43.40,17.79,1.94,18.21,53,1059.31
793,835,466.83,38.00,41.93,1.54,9.45,50,566.83
794,836,749.59,39.66,24.93,1.80,13.04,58,849.59
795,837,744.70,46.43,33.42,1.77,13.42,56,844.70
796,838,514.98,37.74,50.83,1.46,9.82,53,614.98
797,839,-942.29,30.51,259.65,0.54,-15.87,59,-842.29
798,840,615.96,42.86,25.62,1.73,12.67,49,715.96
799,841,302.22,43.48,67.89,1.33,6.68,46,402.22
800,842,983.98,43.08,26.53,1.85,15.25,65,1083.98
801,843,179.35,39.62,63.00,1.18,3.49,53,279.35
802,844,513.98,33.33,28.83,1.52,8.67,60,613.98
803,845,847.64,42.00,22.88,2.18,17.06,50,947.64
804,846,439.02,39.53,28.56,1.77,10.31,43,539.02
805,847,894.18,46.94,43.60,1.85,18.36,49,994.18
806,848,1118.34,46.97,39.79,1.87,17.06,66,1218.34
807,849,-23.23,36.73,153.10,0.98,-0.37,49,76.77
808,850,358.80,37.04,51.90,1.37,6.75,54,458.80
809,851,1072.13,47.06,23.73,2.20,21.15,51,1172.13
810,852,1386.12,45.45,15.09,2.42,21.12,66,1486.12
811,853,1750.47,50.88,15.30,3.16,30.84,57,1850.47
812,854,784.87,37.04,36.68,1.81,14.65,54,884.87
813,855,563.44,40.00,33.22,1.64,10.36,55,663.44
814,856,222.30,39.06,66.14,1.19,3.57,64,322.30
815,857,195.63,33.93,84.51,1.18,3.60,56,295.63
816,858,788.55,37.93,31.49,1.83,13.70,58,888.55
817,859,490.76,42.22,51.77,1.59,11.01,45,590.76
818,860,-436.89,34.00,203.60,0.73,-8.64,50,-336.89
819,861,45.58,36.00,117.30,1.05,1.01,50,145.58
820,862,539.76,31.67,46.20,1.54,9.11,60,639.76
821,863,626.93,42.22,32.82,1.77,14.04,45,726.93
822,864,1108.37,48.28,26.76,1.96,19.24,58,1208.37
823,865,1543.85,53.19,23.34,2.77,32.99,47,1643.85
824,866,-240.55,32.73,133.50,0.79,-4.27,55,-140.55
825,867,489.40,46.43,92.11,1.45,8.84,56,589.40
826,868,276.60,41.18,56.30,1.32,5.54,51,376.60
827,869,1808.56,56.14,10.83,2.90,31.87,57,1908.56
828,870,443.04,35.42,31.80,1.62,9.33,48,543.04
829,871,47.76,33.33,87.32,1.08,1.33,39,147.76
830,872,334.66,36.59,65.09,1.40,8.26,41,434.66
831,873,414.02,33.85,41.35,1.38,6.48,65,514.02
832,874,831.86,46.30,22.69,2.01,15.52,54,931.86
833,875,637.28,53.33,65.64,1.52,14.28,45,737.28
834,876,556.00,35.71,37.10,1.71,10.06,56,656.00
835,877,2495.85,53.97,10.64,3.02,39.78,63,2595.85
836,878,-338.66,36.73,285.42,0.78,-6.81,49,-238.66
837,879,331.72,39.53,71.92,1.47,7.82,43,431.72
838,880,207.87,34.92,96.18,1.21,3.40,63,307.87
839,881,-334.40,31.25,430.66,0.76,-6.87,48,-234.40
840,882,-207.80,28.57,258.15,0.83,-3.61,56,-107.80
841,883,741.82,40.00,11.61,1.87,14.95,50,841.82
842,884,424.02,41.51,61.77,1.34,8.11,53,524.02
843,885,531.37,44.83,45.82,1.50,9.27,58,631.37
844,886,513.28,38.89,42.27,1.46,7.23,72,613.28
845,887,1011.21,45.45,23.87,2.02,18.50,55,1111.21
846,888,163.58,32.69,49.47,1.17,3.25,52,263.58
847,889,842.52,45.00,31.01,1.70,14.16,60,942.52
848,890,727.52,50.00,45.30,1.68,13.10,56,827.52
849,891,291.37,41.86,45.21,1.48,6.88,43,391.37
850,892,310.76,38.71,53.26,1.23,5.13,62,410.76
851,893,962.03,43.86,22.49,1.96,16.99,57,1062.03
852,894,909.48,41.67,24.99,2.11,19.06,48,1009.48
853,895,260.32,39.13,52.80,1.27,5.78,46,360.32
854,896,732.75,40.26,32.13,1.64,9.62,77,832.75
855,897,247.49,34.55,46.56,1.26,4.60,55,347.49
856,898,589.75,36.54,18.51,1.68,11.45,52,689.75
857,899,492.25,38.78,54.58,1.63,10.15,49,592.25
858,900,528.78,42.19,44.70,1.46,8.37,64,628.78
859,901,709.43,40.74,27.54,1.74,13.26,54,809.43
860,902,285.21,40.00,76.38,1.27,5.30,55,385.21
861,903,889.88,41.54,15.81,1.99,13.80,65,989.88
862,904,733.53,44.44,29.26,1.82,13.70,54,833.53
863,905,74.10,42.59,88.40,1.05,1.48,54,174.10
864,906,-603.60,29.82,501.82,0.56,-10.49,57,-503.60
865,907,424.77,37.93,53.03,1.43,7.43,58,524.77
866,908,422.31,35.71,58.33,1.44,7.64,56,522.31
867,909,325.67,35.85,56.55,1.33,6.25,53,425.67
868,910,125.62,34.00,107.28,1.14,2.61,50,225.62
869,911,-13.70,30.91,94.99,0.99,-0.15,55,86.30
870,912,1800.41,46.67,7.66,2.61,30.18,60,1900.41
871,913,363.36,40.00,83.07,1.33,7.37,50,463.36
872,914,221.29,43.75,74.99,1.37,7.02,32,321.29
873,915,367.38,44.90,67.05,1.34,7.62,49,467.38
874,916,409.71,35.19,36.78,1.42,7.69,54,509.71
875,917,421.43,44.00,40.42,1.51,8.53,50,521.43
876,918,439.39,37.10,55.50,1.38,7.19,62,539.39
877,919,444.93,41.82,60.00,1.34,8.19,55,544.93
878,920,-55.76,38.00,286.46,0.96,-1.02,50,44.24
879,921,406.54,45.45,85.31,1.28,7.50,55,506.54
880,922,285.02,47.17,109.51,1.22,5.48,53,385.02
881,923,36.38,27.87,92.10,1.04,0.70,61,136.38
882,924,632.56,44.83,52.45,1.53,11.03,58,732.56
883,925,516.67,43.75,30.22,1.69,10.87,48,616.67
884,926,-11.73,33.33,110.45,0.99,-0.12,54,88.27
885,927,656.55,50.00,22.50,1.97,12.73,52,756.55
886,928,227.70,30.23,51.72,1.32,5.40,43,327.70
887,929,433.83,45.16,59.51,1.35,7.10,62,533.83
888,930,693.81,41.82,34.69,1.68,12.72,55,793.81
889,931,646.58,40.35,29.92,1.69,11.46,57,746.58
890,932,406.47,32.14,42.93,1.49,7.36,56,506.47
891,933,781.15,43.75,30.00,1.84,16.38,48,881.15
892,934,-15.42,35.19,76.48,0.99,-0.19,54,84.58
893,935,806.50,42.86,17.68,1.80,12.93,63,906.50
894,936,786.04,39.22,19.87,1.98,15.52,51,886.04
895,937,982.13,46.43,37.39,1.97,17.68,56,1082.13
896,938,299.40,42.59,50.06,1.34,5.65,54,399.40
897,939,-46.37,32.20,385.04,0.97,-0.69,59,53.63
898,940,79.40,33.93,92.61,1.09,1.52,56,179.40
899,941,553.40,41.82,27.33,1.73,10.17,55,653.40
900,942,686.44,35.82,33.36,1.60,10.35,67,786.44
901,943,-472.92,27.59,319.42,0.65,-8.05,58,-372.92
902,944,-14.85,31.11,81.34,0.99,-0.23,45,85.15
903,945,659.63,41.86,48.17,1.82,15.45,43,759.63
904,946,27.19,42.55,116.54,1.03,0.68,47,127.19
905,947,504.72,37.10,39.83,1.48,8.26,62,604.72
906,948,-398.29,33.82,772.10,0.78,-5.76,68,-298.29
907,949,-330.85,29.27,320.34,0.62,-7.97,41,-230.85
908,950,710.32,43.40,35.25,1.87,13.51,53,810.32
909,951,501.26,42.86,22.27,1.79,12.04,42,601.26
910,952,582.08,42.86,30.85,1.73,11.99,49,682.08
911,953,-225.14,35.09,243.23,0.87,-3.85,57,-125.14
912,954,584.72,43.33,49.38,1.53,9.86,60,684.72
913,955,-32.52,37.50,98.34,0.96,-0.57,48,67.48
914,956,751.51,42.37,25.62,1.80,12.85,59,851.51
915,957,706.38,42.00,31.61,1.76,14.24,50,806.38
916,958,1471.92,50.88,14.38,2.25,25.98,57,1571.92
917,959,980.45,43.08,26.07,1.82,15.20,65,1080.45
918,960,435.93,31.67,52.00,1.44,7.37,60,535.93
919,961,895.24,43.14,11.78,2.32,17.67,51,995.24
920,962,674.65,38.98,36.01,1.76,11.54,59,774.65
921,963,511.45,37.29,21.86,1.51,8.78,59,611.45
922,964,632.03,40.32,37.68,1.68,10.31,62,732.03
923,965,305.88,44.44,49.40,1.30,5.77,54,405.88
924,966,852.31,41.54,31.08,1.73,13.22,65,952.31
925,967,206.51,32.61,73.37,1.27,4.59,46,306.51
926,968,1343.52,44.00,10.43,3.08,26.99,50,1443.52
927,969,1171.63,54.00,11.93,2.89,23.55,50,1271.63
928,970,936.32,45.10,24.20,2.06,18.47,51,1036.32
929,971,158.14,36.00,147.16,1.14,3.26,50,258.14
930,972,-432.67,30.65,224.12,0.74,-6.88,62,-332.67
931,973,-265.60,40.00,221.32,0.85,-4.72,55,-165.60
932,974,288.12,36.51,93.40,1.22,4.68,63,388.12
933,975,528.33,43.59,32.87,1.60,13.66,39,628.33
934,976,1217.55,49.15,29.38,2.09,20.77,59,1317.55
935,977,645.34,42.00,32.81,1.93,13.01,50,745.34
936,979,549.23,46.51,53.76,1.56,12.88,43,649.23
937,978,454.64,41.18,51.14,1.42,9.03,51,554.64
938,980,760.72,47.37,34.19,1.89,13.46,57,860.72
939,981,-177.55,29.82,270.73,0.85,-3.01,57,-77.55
940,982,561.44,39.39,25.11,1.59,8.61,66,661.44
941,983,1151.64,51.92,33.37,1.98,22.28,52,1251.64
942,985,8.11,34.55,119.61,1.01,0.25,55,108.11
943,984,327.34,36.96,39.72,1.43,7.22,46,427.34
944,986,818.43,39.34,24.25,1.72,13.52,61,918.43
945,987,-196.68,31.58,136.80,0.76,-5.07,38,-96.68
946,988,-64.34,38.00,124.54,0.96,-1.18,50,35.66
947,989,686.22,41.82,21.12,1.95,12.58,55,786.22
948,990,-43.68,29.09,132.90,0.96,-0.69,55,56.32
949,991,483.88,37.50,51.12,1.62,10.18,48,583.88
950,992,527.99,40.74,26.71,1.55,9.88,54,627.99
951,993,338.50,47.37,108.16,1.21,6.04,57,438.50
952,994,288.23,36.67,43.80,1.32,4.90,60,388.23
953,995,470.40,47.62,70.41,1.63,11.31,42,570.40
954,996,387.29,46.30,87.27,1.25,7.29,54,487.29
955,997,-248.17,26.79,224.83,0.76,-4.33,56,-148.17
956,998,942.56,48.44,35.64,1.78,14.85,64,1042.56
957,999,-3.98,31.75,163.63,1.00,0.04,63,96.02
958,1000,1606.20,46.77,14.59,2.59,26.04,62,1706.20
959,1001,943.18,46.15,14.90,2.20,18.25,52,1043.18
960,1002,-230.73,33.93,155.51,0.81,-4.02,56,-130.73
961,1003,566.99,42.00,36.69,1.70,11.44,50,666.99
962,1004,979.83,46.15,35.13,1.99,18.98,52,1079.83
963,1005,661.77,46.34,38.41,1.89,16.26,41,761.77
964,1006,555.92,37.70,34.42,1.55,9.22,61,655.92
965,1007,672.26,38.81,35.99,1.61,10.14,67,772.26
966,1008,545.38,42.00,32.97,1.69,11.02,50,645.38
967,1009,835.01,46.88,25.82,1.97,13.15,64,935.01
968,1010,6.18,40.38,182.26,1.01,0.22,52,106.18
969,1011,1689.33,50.88,7.65,2.87,29.76,57,1789.33
970,1012,668.33,42.59,35.54,1.72,12.48,54,768.33
971,1013,-386.26,35.09,247.38,0.77,-6.67,57,-286.26
972,1014,-209.73,34.69,216.53,0.87,-4.18,49,-109.73
973,1015,-364.06,32.56,809.20,0.72,-8.37,43,-264.06
974,1016,767.43,45.45,20.19,1.80,14.07,55,867.43
975,1017,1085.94,43.48,13.90,2.54,23.72,46,1185.94
976,1018,-58.82,46.81,117.83,0.96,-1.15,47,41.18
977,1019,419.78,39.29,62.35,1.36,7.60,56,519.78
978,1020,361.06,43.14,49.01,1.35,7.19,51,461.06
979,1021,113.77,33.33,78.48,1.11,1.91,63,213.77
980,1022,574.63,42.11,28.52,1.78,10.18,57,674.63
981,1023,321.22,40.00,92.05,1.30,6.53,50,421.22
982,1024,330.54,46.43,68.29,1.31,6.01,56,430.54
983,1025,786.82,41.27,28.82,1.82,12.60,63,886.82
984,1026,797.66,41.94,30.23,1.84,12.98,62,897.66
985,1027,672.93,38.64,20.80,2.05,15.40,44,772.93
986,1028,1856.75,48.33,9.92,2.93,31.07,60,1956.75
987,1029,1018.23,46.67,10.24,2.43,22.74,45,1118.23
988,1030,431.16,34.88,48.21,1.53,10.13,43,531.16
989,1031,998.48,45.00,30.07,2.06,16.77,60,1098.48
990,1032,504.60,40.68,62.16,1.45,8.66,59,604.60
991,1033,274.86,32.35,49.99,1.21,4.14,68,374.86
992,1034,-355.15,31.91,555.83,0.72,-7.46,47,-255.15
993,1035,485.70,31.67,40.46,1.48,8.20,60,585.70
994,1036,-886.71,31.82,363.14,0.56,-13.33,66,-786.71
995,1037,262.48,35.71,53.23,1.27,4.79,56,362.48
996,1038,19.03,40.00,122.40,1.02,0.42,60,119.03
997,1039,1245.67,47.54,13.98,2.18,20.55,61,1345.67
998,1040,155.37,31.82,68.96,1.24,3.63,44,255.37
999,1041,615.30,44.26,45.17,1.53,10.21,61,715.30
